 (-1.533867247104476750e-01-2.083928891722509891e-01j), (1.596796772225787808e-03+1.166698719413981900e-01j), (-4.266907037915358691e-04-1.628088513083027489e-01j), (9.659610519117468874e-02+5.712710989369796516e-02j), (2.032500122614619986e-01-5.759269555328215551e-02j), (5.103641509909714186e-02-2.315873849921311900e-01j), (-1.421612571799028557e-01+1.673077163330883022e-01j), (-6.182893883013618197e-02+1.114410810940218433e-01j), (5.213793210407715456e-02-2.483071509339319916e-01j), (-6.716930116388522554e-02+3.767140854370462644e-02j), (1.513754618435294574e-01+2.523003790107474775e-01j), (1.071007586082153296e-01-1.991562525156616303e-01j), (-1.702757079184364156e-02-1.166592634575294996e-01j), (6.365796564621621634e-02+1.089524350795655072e-01j), (-2.034654458932169119e-01+3.537433859797614599e-02j), (-2.099365599857934417e-02-1.762747501880236045e-01j), (-2.387177833470308930e-01-3.021537973567475777e-02j), (1.999272341186744684e-01-1.147638930948300801e-01j), (-3.309895251883569756e-02-3.196309570851225690e-01j), (-1.435791922183815572e-01+1.799124538192463096e-01j), (-1.422798202229894407e-02+1.652766382944889922e-01j), (-1.994259405704281451e-01+1.238049412685459649e-01j), (-1.973614012316646793e-01+1.703389550681787962e-02j), (-7.794317672184397638e-02+8.836399530274618996e-02j)
 (-7.273416182470075764e-02+3.789951438416080953e-02j), (-8.191443169204415398e-02+3.249794569463572425e-02j), (-8.175830359903629718e-02-1.998609131118606053e-01j), (-2.452798894064136398e-02+3.231305520561052191e-02j), (2.377333072945388148e-02-1.141553740854119176e-01j), (3.545651313377051750e-01-2.609598927413301489e-02j), (-1.084430890990727148e-01-7.926480125686061889e-03j), (1.640068948193351417e-01-3.973927756645523335e-02j), (2.774696366464978192e-01-1.846021200377785318e-02j), (2.558001487605451318e-01+5.849344440324960766e-03j), (1.912366723651777456e-01-9.142902692002972953e-02j), (-3.703600752844683069e-02+1.353241326371814879e-01j), (1.147608050474633462e-01-2.675771282579050489e-02j), (1.592279187639320803e-01+3.698264916434956806e-01j), (-1.463378116657564933e-02+2.093617588149666517e-02j), (1.675137418447759374e-01+1.593525052116328833e-01j), (7.118983871080380998e-02+9.668881946071704314e-03j), (1.329470611445570105e-01+1.625294806711232443e-01j), (-1.394735547632454664e-01+2.307957246707385557e-01j), (1.086943791937424186e-01+9.938936551620564108e-02j), (1.261184699024458511e-01-1.947117396159849523e-01j), (1.072645083593799509e-01-4.098242275055521966e-04j), (-1.006301927976969851e-01+6.596858522456540419e-02j), (-1.586367314318647692e-01+2.660354149625536735e-01j)
 (-8.811188743238632104e-02-8.718646860147824529e-02j), (-1.003491902673974284e-01+2.040257931710531825e-01j), (-5.954238422616537491e-02+6.007701996919716930e-02j), (-9.785931860895509538e-02-6.519400062225946813e-02j), (-2.522473923390856632e-01+2.214798107393340654e-01j), (-1.450266438921020973e-01-1.576774427545302726e-01j), (1.833304362164285550e-01+1.965781819181893209e-01j), (-5.514475015925635049e-02+2.267344895651673131e-01j), (-9.124234562721120212e-02-1.232602804077810033e-01j), (6.491729744457316875e-02-7.893963198363448952e-02j), (-5.268596554761677264e-02+2.679828118399135151e-01j), (-2.021906462548107575e-01+3.586508364804734394e-02j), (-1.718254727824175265e-01+2.293931258012144037e-01j), (-4.001288920583066788e-02+1.275483367044109029e-01j), (1.258187203156871659e-01-1.332291700730560968e-01j), (1.431250825129095627e-01+8.088991200768219647e-02j), (8.989411683991607727e-02-5.480721245710790113e-02j), (1.836338247444044280e-01+6.911796236860610898e-02j), (-1.089591321701836313e-01-9.460002299046228746e-02j), (1.052000830467063469e-01+1.061837429585043013e-01j), (6.272308847558866196e-02-1.790690117976425078e-01j), (1.697701947219211749e-01-1.962758341274160323e-01j), (-1.775415059735648560e-01-2.816805594418435588e-01j), (5.146953483601177104e-02-7.566853646389749832e-02j)
 (-3.469075428126140725e-03-1.141876065487039266e-01j), (6.898522584559943494e-02-6.664747944072602071e-02j), (1.031790114221093208e-01-1.607727066462745213e-01j), (-1.927498003605547169e-02-1.618066124829184438e-02j), (1.259958476280504114e-01+1.796067939803412949e-01j), (5.434667584299400500e-02-2.103385777229380693e-01j), (-1.237351818751685761e-01+2.140060446869303523e-01j), (-4.094186800770582141e-02+3.003598060713684736e-01j), (5.099666718973963619e-02-1.573454190792805338e-02j), (8.956727462902400183e-02+1.346276067703343071e-01j), (7.027343075728786220e-03-1.571664101475340192e-01j), (1.245286056023102439e-01+6.653559763057974308e-02j), (-3.787093955937934769e-03+3.231075844423474952e-01j), (2.432971388595528070e-03+1.696786513284740394e-01j), (1.981203006253292875e-01+1.147330601381452153e-01j), (1.110303471437017325e-01+5.217915422570408579e-02j), (1.392640039273563592e-02-9.288017723364938583e-02j), (-2.009312656935427488e-01-6.592897670018429968e-02j), (-2.242565921319297495e-01+1.088570416610226826e-01j), (-7.928910416924259130e-02-2.436688112263819539e-01j), (-1.299397895559746552e-01+1.092659748027139874e-02j), (-2.276948728221167839e-01+1.697500675405695936e-01j), (2.143318299695632922e-01+1.048348344113280567e-03j), (2.877217541896870401e-01-1.010218538727475218e-01j)
 (-6.435125131123672904e-02+2.002777734092406337e-01j), (1.878634668210245329e-01+2.065171355420967747e-01j), (-2.942681229082071831e-03+1.088094790892358832e-01j), (-3.001942330985601926e-02-1.127569116033705875e-02j), (-1.435481474926474932e-01-1.644593641021733013e-02j), (9.203308264594517452e-02-1.686083908992904168e-01j), (1.011404325197947235e-01-1.404625117523831401e-01j), (7.872480230587264316e-02+7.492749413099319966e-02j), (1.639260749016939467e-01-2.669915378975027884e-02j), (-6.784270085977393838e-02+1.970515951647579256e-01j), (-2.175256465940522965e-01+8.606070610991864434e-02j), (1.774340183291037432e-01+1.797444337674284492e-02j), (-1.945678641392827868e-01+4.687725191756227788e-02j), (-1.712406510006710819e-02+9.001871054744534084e-02j), (3.226439753623386308e-02-3.878124633924652231e-01j), (-1.672742930873535594e-01+1.235069100435667450e-01j), (7.407256281152614641e-02+9.248539952343299772e-03j), (7.470809001012658490e-02+5.743496980325624168e-02j), (8.645079644050988887e-02+1.913596346573838425e-01j), (1.710388176529635818e-01+1.051138052549681901e-01j), (1.404091634626236373e-01+3.423417129973845840e-01j), (-2.110498921494542435e-01+1.938649578911405824e-01j), (-5.883992312743668851e-02+1.842124972805362082e-01j), (9.702551486741449460e-02-3.926127705023849807e-03j)
 (-9.581340778353007737e-02-2.280569441262643438e-01j), (-6.153011201328631441e-02-2.100552279740710085e-03j), (-1.498026686012292052e-01+2.324803685216874083e-01j), (7.314854395187818381e-02+5.957378079835023987e-02j), (1.893842992016845153e-02-1.851517617358316159e-01j), (1.570926269781145607e-02+2.022782606273073880e-01j), (-1.390195158247458374e-01-2.333588876402202250e-01j), (-2.127783524513019997e-01+7.318642028960881118e-02j), (-1.927561437076638351e-01-1.897391317629069374e-01j), (-1.213307206705609154e-01-1.124077034880523462e-01j), (-1.477595143265062749e-01+1.576089379997575035e-02j), (-8.922578405902839571e-03+5.759479966372875459e-03j), (-7.069960669690331101e-02+1.224781819587922038e-01j), (2.201468149959692755e-01+3.106449122636157356e-01j), (-4.588169212819570575e-03+8.093764303171552266e-02j), (-1.091257239028808057e-01-1.650152199741089162e-02j), (8.814546911623434566e-02-2.736442030074247023e-01j), (8.429483751973619599e-02-1.552728823237587152e-01j), (-1.101814885417478351e-01+2.094061307174022168e-01j), (1.288068927753568960e-02+1.010211464394329406e-01j), (4.703524384981077472e-02-7.932694671291018115e-03j), (-3.213774175591344734e-02+5.008574818564173053e-03j), (2.345544943746456223e-01+5.897210976556160889e-02j), (-2.143104161979452749e-01-2.345372474352243053e-01j)
 (1.233572994289843794e-01-4.589766366871261827e-02j), (9.988541297991440637e-02-1.078819339976982844e-01j), (1.470803039986774974e-01+1.588158248387145921e-01j), (1.155465426060750256e-01+8.306336601542070597e-02j), (-2.540386339704816393e-02-3.238137694303438452e-01j), (3.443032149330380043e-02+3.661192559916644912e-02j), (-2.704499260772079416e-02-4.664067692229995066e-02j), (2.225677391035946889e-02+1.848864865045156125e-01j), (-5.024770718469613595e-02-1.247900272148278200e-01j), (-8.865533620518202540e-02-1.573210280122039062e-01j), (2.222409777592387198e-02-2.646686223795510773e-01j), (2.827059735820134506e-02+1.624727527372038793e-01j), (-1.208329158434923445e-01+7.062818589325063623e-02j), (-1.492213213666121752e-01+1.329755606431009055e-02j), (-2.104603879570395297e-01-1.516057562842889339e-01j), (2.235934947158870201e-01+1.850033055559534637e-02j), (-1.811845675976195558e-01-1.083481454603208993e-01j), (-5.417653903371475203e-04-4.260819209323976446e-03j), (-1.760345318642515533e-01+7.120863292797801475e-03j), (2.388609086380064431e-02-1.828713982128565840e-01j), (-1.976003195268147966e-02+3.028763901314191487e-01j), (3.123690599392586753e-01+5.783016746404795461e-02j), (-2.466458907789140231e-01-2.215442382547463118e-01j), (9.537946297520893957e-02+1.362196798206713744e-01j)
 (1.622274786770837307e-01-4.318264157812400361e-01j), (2.983242551411795229e-02+1.976419282185138543e-02j), (-6.668842358585079511e-02+7.929849035550085024e-02j), (1.890714187390581669e-01+2.712028660010162850e-02j), (2.974991169728031376e-02+1.439270124859032274e-03j), (4.520150348900706105e-02-1.055964425868430034e-01j), (2.182878226491493101e-01+6.892002960264689837e-02j), (1.579581079794467047e-01-4.385395246326369290e-02j), (1.570706851570215778e-01-2.396016585064426538e-02j), (-2.778218596294146359e-01+3.328374675484203210e-02j), (8.510665377737156034e-02+1.564070165357572262e-01j), (-1.195959110430039191e-01+2.195455307117256116e-01j), (-3.774016425748635134e-02+7.570930844783450245e-04j), (2.003572179116970275e-01-6.480116149231462952e-02j), (-7.486371938890233613e-02+2.165096361594223695e-02j), (1.440212669760824460e-01-6.431620514114104459e-02j), (3.656481035879081132e-01+2.052269152629182247e-01j), (-3.242476782211057285e-01-2.252971459237476312e-02j), (5.724673233618754464e-02-2.236543218908308706e-03j), (4.876171292413789687e-02-5.496836608015395059e-02j), (1.418907956840214923e-01+1.152009013816257949e-01j), (-7.548234132929571016e-02+4.327684090769007286e-02j), (7.244984588951280946e-02-8.697885964375880186e-02j), (-1.353833107692000715e-01+9.288333741870788418e-02j)
 (1.778074338494242679e-01-1.140119512156652359e-03j), (2.884315148393646472e-02-1.889393292218236597e-01j), (1.242119216443085261e-01-1.124696855181329114e-01j), (-1.627340922929613742e-01-3.951230112011016593e-01j), (1.468739209625166409e-01-1.740219069662592988e-01j), (2.587674628551073774e-01-1.425563431554864313e-01j), (2.851331306954243278e-02+2.051577078459471126e-01j), (-2.659428916535235277e-01-7.050302810363318073e-02j), (-3.912140619331265674e-03-1.130600474155603746e-01j), (-1.324810654788327879e-01+1.060716571500981004e-02j), (2.082763968900919194e-01-2.086559328750775544e-02j), (-2.033282466185659387e-01-6.867106556423693831e-02j), (1.602963767566580877e-01+8.930282026092437042e-02j), (1.586123255666492537e-02-1.693534039112003509e-01j), (-3.290179573408276437e-03-2.503694902265243827e-01j), (-1.475455271464638229e-01-5.948273128576159197e-02j), (6.583555448184628955e-02-1.374181546050079472e-01j), (1.344867628711198491e-02-2.222435975706871583e-02j), (-1.182991536309782252e-02+1.732500150979912334e-01j), (1.333504141788678932e-01+4.001117173127814730e-02j), (9.269454066555030125e-02+2.969409127673930393e-02j), (-1.036595214590628478e-02-1.801062135943033438e-01j), (-1.143416207755660607e-01+6.391994675364733036e-02j), (-2.248395541908978362e-02-2.436733752235218375e-01j)
 (1.808692727447851201e-01+2.439497169242839103e-01j), (-9.696501812727532921e-02-1.526069238360402147e-01j), (-2.991000955117026905e-01+8.424553745328881849e-02j), (1.619078372186896209e-01-6.282635671834665980e-03j), (1.210944930741117420e-01+7.728052475616642436e-02j), (-1.261482152272965646e-02+6.700580625072573293e-02j), (-2.145027422034426895e-02+1.321221367488354670e-01j), (-2.259064060281339159e-01+2.989305397532416864e-01j), (-2.431705262567875059e-01+2.107021394496449550e-03j), (-1.381659280126775191e-01-2.452072806219095583e-02j), (1.281371265410746196e-01+8.686540058553104959e-02j), (3.509761071341979122e-01+2.161506997711505618e-01j), (1.331367024402813903e-01-1.428589842725241227e-03j), (-7.063805209881908465e-02+5.057858890096453286e-04j), (-1.151106316879468849e-02-1.356551399360292065e-01j), (1.177418235734960100e-01+1.018286555737965560e-02j), (5.097530907073883483e-02+3.478625128891099649e-02j), (-8.025002526237319522e-02+1.860283572631261373e-01j), (3.951458045578522954e-02-4.296956268428837877e-02j), (-1.086961895643951265e-01+2.535071561589367639e-01j), (2.163089094812357949e-01-8.754981331796292399e-02j), (1.783614537122023280e-03-3.164433788739802467e-02j), (6.654422188965826435e-02+1.471233497383424016e-01j), (6.786464494442145945e-02+1.740085752087137116e-01j)
 (1.022334355866435091e-01-6.814357305884430338e-02j), (-9.578950549661842395e-02+1.579599000298893829e-01j), (2.622316129880687408e-01-1.921902594272298925e-01j), (1.657968184221328412e-01-2.182471685837283210e-02j), (9.967927963982094186e-02-3.718714866066968189e-02j), (-7.951727147523790507e-02-4.899743595264334506e-02j), (1.000467573613714883e-01-2.668560727888620310e-01j), (-8.156743342118981388e-02-3.981695867268111866e-02j), (-1.900542498572008465e-01-1.324049287463346658e-01j), (-1.591081907938295403e-01-2.327398559632840730e-02j), (-6.277923768315527009e-02+1.160367410526259163e-01j), (-1.223238103489752704e-01+8.646187819180956025e-02j), (3.522751519719907187e-01-1.439514329030770201e-01j), (-2.425658872496751217e-02+8.650711351887020728e-02j), (-3.611608469192773702e-03+7.482408314565189289e-02j), (-1.131290338574930665e-01+3.338063440842635732e-01j), (-5.508378274465093420e-03+7.704012020457833010e-02j), (6.641160668994541827e-02-6.510320667187120824e-02j), (2.619721626658794156e-02+1.706353126768943573e-01j), (1.686767551394784126e-02+1.443254124738764244e-01j), (-2.959722437448897639e-02-7.940800644485924986e-02j), (-4.243149774839216626e-02+1.256243784260324126e-01j), (-1.387092979593475273e-02-1.922716743723069388e-01j), (4.037797871875629663e-01+1.226058434427335087e-01j)
 (1.739801874057738187e-02-1.349403482810906107e-01j), (1.875872544987705615e-01+8.875946116416927323e-02j), (1.010363624832039398e-01+2.065593161623131835e-01j), (-3.462489788502735588e-01-2.709710241385593354e-01j), (1.545347065199155767e-01+1.119771421213736629e-01j), (7.701339691197743587e-02+1.071975249627272753e-01j), (-9.234009644169531572e-02+3.417177554081507473e-02j), (2.623982026204782492e-01+1.102058774670539865e-01j), (-1.102996554308302048e-02-2.992869951945941742e-01j), (-8.093233845532395859e-03-5.323863434096411107e-02j), (-3.846742463262631251e-02-4.608064378710842457e-02j), (6.953510636348525509e-02+1.065178958304310586e-01j), (-1.544486819321873594e-01-1.829808734117718549e-01j), (-5.185112824102047768e-02-1.268127025264217389e-01j), (4.162020180136345726e-02-3.450467271210819892e-02j), (-1.601570723572676158e-02+2.301281089904317623e-01j), (1.521604862690054127e-02+1.359191678899883682e-01j), (2.709379290173390478e-02-1.680590028955281368e-01j), (-1.679407592686428530e-02+8.833644478536524514e-02j), (-4.375461813227414787e-01+1.049006617542588005e-01j), (3.140687859093969914e-02-1.449601819077373510e-01j), (9.292255552219666481e-02-2.014445357322080382e-02j), (3.050150992638462136e-02+8.746204147061643897e-02j), (-4.369343204564861416e-02+5.766694648217245145e-02j)
 (2.422072661525996040e-01+4.616243688325379763e-02j), (1.035532774345144236e-01+2.101819144023177044e-01j), (1.743143079191457334e-01-1.318375029436745782e-01j), (-2.341062899696143840e-01-3.362454190003019705e-02j), (-2.489205578475696401e-02+6.147807812939024702e-02j), (-2.895187299344667564e-01-7.910626779102050699e-03j), (-1.386787153797039776e-02+2.293444281906155680e-01j), (1.504104854633945935e-02-1.348316092105107944e-01j), (1.085249410921630964e-01+8.999339894292116004e-02j), (-1.891696648446486995e-01-1.297550080774116654e-01j), (1.237329620017155463e-01+4.204629713517265416e-02j), (2.507256095471851465e-01+2.042901898039132524e-01j), (-2.019896819426292289e-02-8.937161364590806567e-02j), (-1.275392625159950388e-02+1.576571495386416000e-01j), (1.340535945235520054e-01+2.912321479446620676e-01j), (-1.532170604817081339e-01-9.199674556139419979e-02j), (-6.508776096604233785e-02-2.717140700816509380e-01j), (5.623235846413299904e-02+3.185881577747119026e-02j), (-1.317670758917362239e-02+8.631784597176149487e-02j), (1.350264315633121770e-01+9.210276099514314030e-02j), (1.340091158870772292e-01+2.088150756095280280e-01j), (1.958598330572550450e-01+2.822468018796111047e-02j), (1.321670482349776576e-01-6.338365717276581157e-02j), (-1.311621349945377712e-01+5.309438275754734676e-02j)
 (2.445487562627211842e-03-2.227671541931232901e-01j), (-9.446776659677130761e-02+1.683518290039843351e-02j), (-6.926596165310978936e-02-1.232200112391712149e-01j), (-2.070278776879334870e-01+1.121846373648788253e-03j), (2.573084382423486069e-02+1.065514716355183134e-01j), (8.273179734498703475e-02+3.174114976027758717e-02j), (-2.536258009587830098e-02-3.332279625568655701e-02j), (-7.430491781372756954e-02+4.344788116737154093e-02j), (-5.279431279241038333e-02+2.725258754210921341e-01j), (2.028810161951781765e-01-1.808103175189462453e-01j), (-2.427648913243726780e-01-7.782655489384550374e-02j), (2.055438792210046717e-01-2.925321305650147030e-02j), (1.754615724198969051e-01+1.022278999578280639e-01j), (2.859540103340216244e-01-2.173122520156402504e-01j), (-1.073505475181536217e-01-6.889618205314534949e-02j), (-1.816204764196601706e-01+1.599961235288057670e-01j), (2.546146246113387135e-01-9.545294552468865101e-02j), (-2.621573199366537127e-02-1.770198365800698947e-01j), (-1.917799767733415484e-01-2.554759893662581494e-01j), (5.796029717274731041e-02+8.741910299326019484e-02j), (5.128607758209538514e-02+1.899618183354159495e-01j), (1.719870892675698371e-01+4.495325098983783685e-02j), (-1.593443830944569761e-01+6.931902658921479388e-02j), (7.886056478488975841e-02+1.394697569126773784e-01j)
 (-8.247563284469940081e-03+2.071691250735576972e-01j), (2.760452796182396445e-02+1.124543489717901856e-01j), (1.726438172133345494e-01+4.529085882539394398e-02j), (-1.661886806018299523e-01+1.003522085110052364e-01j), (1.215180150633534545e-01-1.936151009072908658e-01j), (-5.747014944524648367e-02-4.085453924634568218e-02j), (-1.417458353203989718e-01-1.297244071083783479e-01j), (1.111548744765087360e-01+1.688451486100104593e-01j), (1.219047201720979273e-01-1.078290132492693565e-01j), (-1.589628047769467423e-01-5.386490980126687478e-02j), (-1.154193811300585626e-01-1.480335270467967035e-01j), (-2.119709615236677891e-01+5.956119522735416061e-02j), (1.040546972834040518e-01-2.456017199505583504e-02j), (2.363987242624489560e-01+1.883242461622497421e-01j), (1.728374662114224580e-01-7.156629411271611674e-02j), (-5.611051936829916653e-02-1.224562061790614997e-01j), (2.361229540021237208e-02-4.009715081905695921e-02j), (-2.640744326229821359e-01+1.235913254457582516e-01j), (8.131160639472592710e-02-4.865170213292492885e-01j), (2.496298634487042339e-02+2.938691094220680089e-03j), (2.072989910710498485e-01-1.429437481670932653e-01j), (3.994952059577151771e-03-1.311512054806656113e-01j), (-7.075710587049808750e-03+8.048071600374334666e-02j), (1.443896146065720421e-01-7.510386653346991237e-02j)
 (3.189038338930792055e-02-2.033769587168354487e-01j), (2.074656328134383276e-01-4.361797975215373629e-02j), (1.784637424173848574e-01+2.142370278492648217e-01j), (1.970109487176701923e-01+2.212433399208100782e-01j), (-5.663994171673873701e-02-1.747731914520667673e-01j), (-1.806285528611561303e-02-2.044714264032929940e-01j), (2.243145416208755863e-02+1.288974590155128330e-01j), (-9.988602663678372573e-02+3.245420920819532679e-02j), (5.205432209208393779e-02+1.731060776807033241e-01j), (-2.467498407071014657e-02-7.428021015257064985e-02j), (3.360787573438886455e-02+3.868202758283589837e-02j), (5.513825999515863108e-02+2.790079969851164132e-02j), (1.470974064764820344e-01+9.208241505278948191e-02j), (-1.195416437788688613e-01+1.145042501135915512e-02j), (2.995298968979102638e-01+3.967313645532265232e-02j), (-1.103643361498159448e-01+1.325296725112898311e-01j), (8.534599956458713277e-02+4.805084235073198845e-02j), (1.544450814984123788e-01+2.133870119208063770e-02j), (1.424411631628584307e-01-4.646268478992778700e-02j), (-8.812699907118529130e-02+1.424158511718707359e-03j), (-1.319529868013927798e-01-2.350049476481770594e-01j), (2.168632741599929858e-01+1.904674303744638142e-01j), (-2.292986844737075480e-01+3.673512726145019558e-01j), (-1.137684226659339548e-01-1.085228891748517277e-01j)
 (-7.875608507365697286e-02+6.330240059886738102e-02j), (7.959775516174917576e-02+2.697482179428434268e-02j), (8.887128342447900287e-02-1.277238157214935499e-01j), (1.568812421486493192e-01+2.461782826981511515e-03j), (-1.120933727135844382e-01-3.590904229751208307e-03j), (1.290309448762044786e-01+4.443445025081284305e-02j), (2.151033804003316466e-02+7.801931821661735322e-02j), (6.599773697107715054e-02+1.167546623292382846e-01j), (-6.510102387897638565e-02-2.391291729513677911e-01j), (1.976078863511345485e-01-2.892696360811116141e-01j), (-2.279300114005782668e-02+3.962541939351434811e-02j), (3.120484640791642006e-01-3.317934728496720054e-02j), (4.101935979591103676e-02-2.109086230797389827e-01j), (-2.563472998605449416e-01+1.145204776748796754e-01j), (-3.357722345622982107e-02-7.683683938610577635e-02j), (-2.862341565570648561e-01-1.365609860946466469e-01j), (2.027096330220874709e-01+5.524240590995343342e-02j), (-3.111897039097722417e-01-1.918346084818791930e-01j), (2.959479555868193418e-02+9.177481514900803772e-03j), (2.315551452724874393e-01-1.467469309249088139e-01j), (1.575097714770637078e-02-2.099600004424858057e-01j), (-4.476050326974480298e-02-3.945186214414309056e-03j), (-8.477709575184269597e-02-1.698463669796604347e-01j), (-1.326446319785378469e-01-8.347901778038746556e-02j)
 (2.718219813440018312e-02-2.425573185247631713e-01j), (1.078694446828974696e-01+2.519741032530227742e-01j), (8.683527146584349432e-02-2.166885682195301699e-01j), (1.210708237190931402e-01-3.690338153245285857e-02j), (1.048354596969877650e-01+2.267138477627436352e-02j), (8.626805684132329843e-02+6.443841933212673956e-02j), (9.366823210495528462e-02-8.969533882657634849e-02j), (-8.493077687834746370e-02+1.150457801063694274e-01j), (-5.627030286080202809e-02+1.270652931182434109e-01j), (2.404187336072348136e-01-2.031631624595903185e-01j), (2.226147553483385361e-02+7.191600983890281129e-02j), (-1.451079240413632454e-01+1.201924875897543710e-01j), (-2.837509862989182619e-01+7.869087047881347108e-02j), (3.937654512265763296e-02-7.510025983618447143e-02j), (-1.419566896187949012e-01-1.508483522828222567e-01j), (-1.437984195745689586e-01-2.168831496683485682e-01j), (-3.010817540287641925e-01-2.197314096411765935e-02j), (-1.743119925287183458e-01+2.458732267524313675e-01j), (1.337223816757921735e-01+1.081763315096620215e-01j), (-1.200484119514081890e-02+1.028816474112869972e-01j), (-3.198644638804875456e-02-1.047416226302727293e-01j), (1.616626289527886839e-01+5.947899787583185716e-03j), (2.016596664620290968e-01+2.277037394955158112e-01j), (1.214915960299889491e-01+5.115070848153907557e-02j)
 (-9.185993607794468163e-02-1.770520057977043593e-01j), (3.399080773441182091e-01-1.638066713661286977e-01j), (2.916715695946443809e-02-6.270732915105874106e-03j), (8.419992485351435185e-02-6.802168162550911723e-02j), (-8.382334867770153963e-02+2.244501027307486130e-01j), (-1.390751934461203487e-01+1.303164000016692192e-01j), (-1.689419292001029527e-01+1.898038055831183513e-01j), (-5.357295656339827739e-04+2.671605154351942846e-02j), (-4.075851524079181915e-02+1.265721677506688181e-01j), (-4.649223616467312858e-02-2.311123490789182833e-01j), (-1.693108710983797505e-01-3.142720035826693792e-01j), (-2.707750647896232654e-01-5.692773502090430621e-02j), (9.045607807595758276e-02-1.677034080816998118e-01j), (-8.037658031116648449e-02+3.299386750733702967e-02j), (-3.794486962725272805e-02-8.513070547529144605e-02j), (1.115806695900321277e-01-6.336073814823968420e-02j), (5.018950484885247726e-02-1.006874251504739082e-01j), (1.394232345386571259e-01+1.309278719437976524e-01j), (4.762666419072407453e-02+4.093226430005425520e-02j), (1.089134747445399815e-01+1.877223888971924770e-01j), (2.094004048597088163e-01-4.753122186545507416e-02j), (-3.259808785311193446e-01+1.683431973645498347e-01j), (-5.205689216925946106e-02-5.322847708167159630e-02j), (-6.033195743399548394e-03+1.157482291757616355e-01j)
 (1.059959918144058461e-01-3.673770343431242980e-02j), (-3.418996474189696100e-01-9.856050271723530709e-02j), (-6.818868978990384917e-03-1.272931864604714969e-01j), (1.397610216013975004e-01-7.031119651979164664e-02j), (-7.493082113053187165e-02-1.878054578759701110e-01j), (-1.598585614983550618e-01+2.445518499597917894e-01j), (-6.135783714417462897e-02+5.882755856284134499e-02j), (3.109480606041492012e-01+3.595823536987156899e-02j), (1.528022642786346641e-01-1.231814355614943290e-01j), (7.383223683533760018e-02-1.975519816036700460e-01j), (1.252072531307382441e-01+2.001429586574559466e-02j), (1.510993867845773081e-02+6.963964621249751907e-02j), (-1.886272639086207792e-01+2.581159778477936650e-01j), (-2.664589594558184130e-02-1.940201823712712215e-01j), (1.204625911157600621e-01+6.492634544451338086e-02j), (-2.403133761947503014e-02+2.307673130887717139e-01j), (-3.229702659297242068e-02-2.235142273025529647e-01j), (-7.887984232702731661e-04-7.796705647657048432e-02j), (2.406450084507053000e-01-4.007633448707828561e-02j), (5.367444692309761289e-02+1.218746989538014441e-01j), (2.423335565814681639e-02+6.396262723332991375e-03j), (-2.953821777898747447e-01+3.066213611361814570e-02j), (-1.618183065599400616e-01+1.210666843231629347e-01j), (7.817275295875691921e-02-3.536269636558431184e-02j)
 (9.958722021608003294e-02-4.645546921130894180e-02j), (-9.991550973844176564e-02-2.160311023021108945e-01j), (3.651875949561844692e-03+1.997177846635651149e-02j), (-4.281958949848262141e-02+1.896000202909414734e-01j), (-1.661171705495292084e-01+4.548774195538277110e-01j), (1.370215599173958410e-01-7.676718608501464924e-02j), (-8.535029983117817243e-02-2.488853590104935509e-01j), (4.862003980922161017e-02+1.798324700282149802e-01j), (1.091046455181676339e-01-2.792479647071217097e-01j), (-1.133871078799361248e-01+3.087716685447100540e-02j), (1.405046187119837753e-01-1.488602066905962973e-01j), (-3.949313844439609339e-02-4.685967268690377496e-02j), (1.517856333911325045e-02-6.302438279279241884e-02j), (5.682373139951089891e-02-1.435552379611089169e-01j), (5.843319583382625138e-02+1.423203544809170662e-01j), (-1.005231535776335283e-01-7.301606229837315221e-02j), (-9.805329809099903871e-02+3.236524763980097585e-02j), (-1.134097042050565413e-01+1.410730743798411790e-01j), (-1.040446467678450559e-02+6.262156749697327107e-02j), (1.860788201046455481e-01+3.131754340546185067e-01j), (-1.647164836206362892e-01+8.886004041697458111e-02j), (1.895744991247328426e-01+1.237904345153956892e-01j), (-1.210595452161368907e-01+2.748213632772261716e-02j), (-3.081671482785776697e-02-1.751123983470004863e-01j)
 (-6.997248902788871794e-02+1.811383093078493267e-01j), (8.857624289132608186e-04+3.359171382549741569e-01j), (8.851140845600624640e-02-2.291391278006486010e-01j), (3.693833644673535921e-02+1.834474259089106385e-01j), (1.170467088164175301e-02-3.361613216380565650e-03j), (1.909176045061417720e-02+3.078496626788692070e-01j), (1.863230550572506083e-02+2.383771416328474557e-01j), (-1.006418236409056255e-01+2.289655320400739713e-01j), (7.008383571957456371e-02-1.310778521316825207e-01j), (-2.130408236404953137e-01+1.449052098973778457e-01j), (-2.479506064556813438e-02-1.931998095875167021e-01j), (-7.422241728809750305e-02-1.673277108024702753e-01j), (-7.081807722052677057e-04+1.324727409412248536e-01j), (2.330606894548421099e-02-1.405938827274954839e-01j), (-2.737440266565331903e-01+9.282828319189688482e-02j), (1.649434683011560820e-02-1.288073757414667439e-02j), (3.784514348154200403e-01-3.742245439909169368e-03j), (1.242856298161043732e-01+5.928401872248256765e-02j), (1.730184637348851640e-01+1.050357840819528682e-01j), (-1.001936421101203845e-01-3.805922742202762221e-02j), (-1.149128120459097374e-01-2.201778120982092815e-02j), (1.456852257989535437e-01+5.973084427527314971e-02j), (-2.759581359543851389e-03+4.903211365144721084e-02j), (-3.657814102478190721e-02-2.056377726043714937e-02j)
 (-7.998653923550336220e-02-1.060429507536989890e-01j), (2.140633042708744993e-02-1.416708150037808978e-01j), (1.094083120466170372e-01+1.397978375507884785e-01j), (-2.432181914247124321e-01+7.937391464678592023e-02j), (-1.206810512515251316e-01-7.108817103738730714e-02j), (1.014735667659972529e-01+2.956090137753653591e-01j), (6.219073005739118171e-02+1.485736615033926011e-01j), (1.004259869834614460e-06+1.205449794838395622e-01j), (-1.658109853701273118e-01-1.848620648368267394e-01j), (1.950292407244428039e-01-8.445689899654378052e-02j), (1.131207467888135365e-01+3.070282681225632304e-01j), (-6.493910198493131614e-02-2.142710192010512799e-02j), (1.591390610818325113e-01-1.649394021157636059e-01j), (7.789592270196726842e-02+5.455729163083437860e-02j), (1.045536440038158932e-01+1.261022404519086260e-01j), (1.524395637845318147e-02-2.924842491479013457e-02j), (8.768162501071452564e-02+9.445510790553855729e-02j), (1.083444187682172238e-01+2.958675069367072696e-01j), (7.485477425528483386e-02-1.076654664492940339e-02j), (1.213455126675436202e-01-2.388902814917716610e-01j), (-6.307178230683149756e-02+3.284966073396101138e-01j), (-7.015979838508148991e-02-2.108718738021111289e-02j), (7.435998411886496351e-02+1.865468973113060536e-01j), (2.068767921064545712e-01+7.235708244936515932e-02j)
 (5.944615347753261919e-02-1.264515313902554450e-01j), (-3.967640723283232668e-02-3.810399238399366645e-02j), (-2.844550246258676918e-01-8.774094415363670185e-02j), (-1.408379261573536323e-01+1.238176990191971888e-01j), (-1.350882627181576867e-01-3.884612835964054017e-02j), (-6.323388976315011401e-02+1.361899526248735309e-02j), (-3.719268849863530679e-01-3.762427544733701335e-02j), (2.297517487922411117e-01+1.421129369646824750e-02j), (-2.716350366917176171e-02+7.175990157077356824e-02j), (-1.585124390422416596e-01+1.053089285770623940e-01j), (1.405764529975397359e-01+1.531349235714711543e-01j), (-1.750159470878177859e-01-5.189312473458704278e-02j), (9.952726884290263865e-02+6.546082299700806129e-02j), (-2.153313200029066954e-01+5.575439342525180531e-02j), (9.571621421510122241e-02-2.892428035743719872e-01j), (-2.340397687114082192e-01-2.772524976649274331e-01j), (1.202252951585094515e-01-9.521752257628564309e-02j), (2.719311757843864003e-02-1.733346282239041358e-01j), (3.645236638253458034e-02+1.171468329824414817e-01j), (-8.975732758194536476e-02-8.561549950135260989e-02j), (-7.446375056810777826e-02-4.794080147541215225e-02j), (1.622245026152853709e-01+5.950349153815409631e-02j), (5.151308551763680160e-02-2.017466194817670380e-02j), (1.988363747673237147e-01+2.553092596513500956e-01j)
